{"cameraMode":{"drawMode":0,"name":"Shaded","section":"Shading Mode"},"sceneLighting":true,"audioPlay":false,"sceneViewState":{"m_AlwaysRefresh":false,"showFog":true,"showSkybox":true,"showFlares":true,"showImageEffects":true,"showParticleSystems":true,"showVisualEffectGraphs":true,"m_FxEnabled":true},"in2DMode":false,"pivot":{"x":18.57480239868164,"y":9.77685832977295,"z":-38.82301712036133},"rotation":{"x":0.04070962965488434,"y":-0.08083652704954148,"z":0.0024178915191441776,"w":0.9959118962287903},"size":2.0095860958099367,"orthographic":false}